epoch,time,train/box_loss,train/cls_loss,train/dfl_loss,metrics/precision(B),metrics/recall(B),metrics/mAP50(B),metrics/mAP50-95(B),val/box_loss,val/cls_loss,val/dfl_loss,lr/pg0,lr/pg1,lr/pg2
1,28.0007,2.15493,3.22965,1.79935,0.05127,0.12432,0.04015,0.01238,2.69563,inf,2.54937,0.0911125,0.0001125,0.0001125
2,36.292,1.69547,1.47402,1.44038,0.15761,0.21329,0.1672,0.08783,1.93081,inf,1.7593,0.0812351,0.000235149,0.000235149
3,44.1885,1.55056,1.28512,1.31287,0.31713,0.35001,0.38168,0.17825,1.66174,inf,1.50716,0.0713553,0.000355322,0.000355322
4,52.0794,1.48726,1.23231,1.30693,0.37852,0.48298,0.44338,0.20901,1.50162,inf,1.36286,0.061473,0.000473021,0.000473021
5,59.9104,1.47714,1.14021,1.28903,0.30462,0.4807,0.39971,0.20733,1.59983,inf,1.48497,0.0515882,0.000588245,0.000588245
6,67.1942,1.4223,1.08456,1.27116,0.43697,0.4592,0.45424,0.2269,1.54314,inf,1.42505,0.041701,0.000700994,0.000700994
7,74.9315,1.41753,1.04169,1.24581,0.46294,0.49086,0.47099,0.22233,1.5524,2.29948,1.39388,0.0318113,0.000811267,0.000811267
8,82.1438,1.42498,0.97801,1.23981,0.38409,0.43412,0.43154,0.20729,1.55531,3.12187,1.40537,0.0219191,0.000919066,0.000919066
9,89.6785,1.4192,0.96722,1.25835,0.43234,0.45486,0.43483,0.2272,1.48843,2.78554,1.39149,0.0120244,0.00102439,0.00102439
10,97.0624,1.45302,0.98645,1.26243,0.46656,0.49057,0.48197,0.24904,1.46396,2.36541,1.33833,0.00212724,0.00112724,0.00112724
11,104.637,1.36679,0.92946,1.20911,0.43977,0.50179,0.48217,0.25598,1.44789,1.96246,1.32317,0.00112625,0.00112625,0.00112625
12,112.357,1.31265,0.87771,1.18437,0.42051,0.52202,0.47173,0.26119,1.36489,2.23,1.28943,0.00111388,0.00111388,0.00111388
13,120.044,1.37188,0.86655,1.20259,0.39075,0.47429,0.41983,0.22219,1.4998,2.18611,1.36811,0.0011015,0.0011015,0.0011015
14,127.53,1.34614,0.85652,1.20895,0.52699,0.63681,0.55929,0.28507,1.38085,1.19965,1.27238,0.00108913,0.00108913,0.00108913
15,138.943,1.32228,0.81372,1.2034,0.59598,0.68385,0.6215,0.31936,1.3006,1.05122,1.21584,0.00107675,0.00107675,0.00107675
16,146.581,1.33582,0.79872,1.22102,0.59182,0.69502,0.62406,0.31275,1.33634,0.92482,1.21892,0.00106437,0.00106437,0.00106437
17,153.693,1.37556,0.84467,1.21458,0.59358,0.69127,0.65298,0.32557,1.42541,1,1.26121,0.001052,0.001052,0.001052
18,165.59,1.32265,0.82233,1.18456,0.68385,0.62578,0.66273,0.32808,1.38485,0.86825,1.23641,0.00103962,0.00103962,0.00103962
19,173.565,1.28612,0.78281,1.17616,0.6843,0.67426,0.67519,0.35125,1.24725,0.86258,1.17887,0.00102725,0.00102725,0.00102725
20,181.416,1.28363,0.77807,1.18429,0.6407,0.68481,0.67585,0.35324,1.38008,0.7925,1.22698,0.00101488,0.00101488,0.00101488
21,192.255,1.28615,0.77912,1.1686,0.69605,0.7436,0.7595,0.41447,1.36571,0.80475,1.21161,0.0010025,0.0010025,0.0010025
22,200.148,1.22712,0.73809,1.16129,0.69256,0.68883,0.69218,0.35395,1.4066,0.82156,1.24213,0.000990125,0.000990125,0.000990125
23,207.222,1.2846,0.74261,1.19133,0.65259,0.68491,0.69151,0.36292,1.3411,0.77786,1.22959,0.00097775,0.00097775,0.00097775
24,214.85,1.17357,0.72534,1.10739,0.67778,0.73195,0.7229,0.37491,1.33524,0.76983,1.20996,0.000965375,0.000965375,0.000965375
25,222.252,1.20542,0.72307,1.16796,0.72494,0.77302,0.77007,0.3727,1.32291,0.742,1.19141,0.000953,0.000953,0.000953
26,229.553,1.25005,0.73138,1.17136,0.69002,0.75547,0.70324,0.3204,1.4966,0.74521,1.26843,0.000940625,0.000940625,0.000940625
27,237.01,1.24516,0.72144,1.15841,0.6265,0.67835,0.60528,0.30016,1.53386,0.78355,1.28386,0.00092825,0.00092825,0.00092825
28,244.444,1.18301,0.69145,1.13411,0.60059,0.74876,0.66416,0.35342,1.32964,0.73531,1.19133,0.000915875,0.000915875,0.000915875
29,252.015,1.2046,0.70564,1.1395,0.60984,0.7353,0.68143,0.36418,1.289,0.77108,1.16898,0.0009035,0.0009035,0.0009035
30,259.431,1.25861,0.73888,1.14568,0.75286,0.689,0.74387,0.37086,1.43145,0.75603,1.23524,0.000891125,0.000891125,0.000891125
31,266.91,1.22338,0.69817,1.13306,0.80838,0.74524,0.77358,0.43183,1.19229,0.70322,1.13747,0.00087875,0.00087875,0.00087875
32,274.643,1.17081,0.69359,1.11564,0.67676,0.80416,0.76367,0.42031,1.20224,0.7481,1.12978,0.000866375,0.000866375,0.000866375
33,281.815,1.1739,0.67487,1.11751,0.68445,0.75754,0.71693,0.39958,1.26496,0.68957,1.14299,0.000854,0.000854,0.000854
34,288.935,1.20136,0.68037,1.11589,0.67799,0.68218,0.67884,0.41864,1.15417,0.66849,1.12073,0.000841625,0.000841625,0.000841625
35,296.147,1.23081,0.68109,1.16136,0.66937,0.75811,0.72493,0.40103,1.34613,0.78135,1.2045,0.00082925,0.00082925,0.00082925
36,303.23,1.22494,0.69057,1.15406,0.79666,0.70103,0.75581,0.44091,1.28922,0.80557,1.18936,0.000816875,0.000816875,0.000816875
37,312.983,1.21159,0.70756,1.17721,0.7312,0.67923,0.71191,0.40419,1.33597,0.85456,1.22482,0.0008045,0.0008045,0.0008045
38,320.593,1.20276,0.6936,1.13544,0.61892,0.63647,0.64259,0.39547,1.23383,0.72171,1.17376,0.000792125,0.000792125,0.000792125
39,327.727,1.19687,0.70101,1.13186,0.6483,0.70456,0.67024,0.40209,1.22732,0.66462,1.14655,0.00077975,0.00077975,0.00077975
40,335.11,1.17909,0.66026,1.14657,0.78496,0.74856,0.74539,0.4255,1.19137,0.65436,1.12011,0.000767375,0.000767375,0.000767375
41,342.263,1.19263,0.65749,1.12257,0.76273,0.73936,0.74506,0.42457,1.1219,0.61936,1.0992,0.000755,0.000755,0.000755
42,354.074,1.16086,0.66334,1.09664,0.65846,0.62234,0.6489,0.39258,1.19674,0.70207,1.13832,0.000742625,0.000742625,0.000742625
43,361.511,1.18824,0.65578,1.10745,0.64158,0.70732,0.67408,0.40125,1.2221,0.64692,1.14079,0.00073025,0.00073025,0.00073025
44,368.749,1.17197,0.64039,1.12092,0.6715,0.77075,0.7282,0.42495,1.16215,0.61896,1.11678,0.000717875,0.000717875,0.000717875
45,376.324,1.11115,0.64922,1.1062,0.76787,0.71588,0.75156,0.42366,1.22226,0.64022,1.1517,0.0007055,0.0007055,0.0007055
46,383.544,1.15656,0.64461,1.1178,0.68616,0.6004,0.6098,0.36864,1.28077,0.76176,1.18715,0.000693125,0.000693125,0.000693125
47,391.163,1.14802,0.64627,1.08243,0.73005,0.65538,0.648,0.39456,1.20764,0.71383,1.15734,0.00068075,0.00068075,0.00068075
48,398.537,1.15844,0.64315,1.11675,0.73728,0.61225,0.6138,0.36346,1.19291,0.72767,1.15068,0.000668375,0.000668375,0.000668375
49,406.067,1.16755,0.64783,1.1131,0.75147,0.58818,0.62465,0.38049,1.15425,0.68266,1.13901,0.000656,0.000656,0.000656
50,413.593,1.14232,0.63066,1.10444,0.77752,0.73585,0.75488,0.44166,1.21185,0.6421,1.16281,0.000643625,0.000643625,0.000643625
51,421.282,1.14939,0.63739,1.11386,0.7766,0.75868,0.78714,0.45288,1.26916,0.63468,1.16583,0.00063125,0.00063125,0.00063125
52,429.744,1.11799,0.6303,1.08325,0.74508,0.77287,0.77052,0.43796,1.24111,0.64372,1.1551,0.000618875,0.000618875,0.000618875
53,436.828,1.11833,0.61602,1.08478,0.71208,0.68623,0.68493,0.38503,1.32314,0.75325,1.20743,0.0006065,0.0006065,0.0006065
54,444.208,1.1216,0.62166,1.09467,0.73825,0.77569,0.79114,0.4621,1.22729,0.65935,1.15626,0.000594125,0.000594125,0.000594125
55,451.632,1.10812,0.61172,1.09928,0.78302,0.77372,0.81404,0.45055,1.24956,0.6245,1.15475,0.00058175,0.00058175,0.00058175
56,459.094,1.13419,0.63032,1.08178,0.80292,0.758,0.79062,0.45736,1.12563,0.64108,1.11029,0.000569375,0.000569375,0.000569375
57,466.244,1.10258,0.61147,1.07046,0.80293,0.75157,0.77994,0.46081,1.12186,0.6399,1.1043,0.000557,0.000557,0.000557
58,473.612,1.10988,0.61481,1.06261,0.77427,0.7898,0.79676,0.47193,1.14962,0.61441,1.11144,0.000544625,0.000544625,0.000544625
59,481.142,1.06693,0.61987,1.08476,0.81026,0.82196,0.82755,0.48547,1.17354,0.59714,1.12059,0.00053225,0.00053225,0.00053225
60,491.117,1.09355,0.60568,1.09198,0.80634,0.82418,0.83213,0.48978,1.19701,0.60449,1.13078,0.000519875,0.000519875,0.000519875
61,498.795,1.03617,0.58656,1.05355,0.83519,0.77735,0.81209,0.49509,1.16789,0.62652,1.1236,0.0005075,0.0005075,0.0005075
62,506.643,1.06987,0.59354,1.07373,0.75509,0.77814,0.78808,0.49064,1.12065,0.6002,1.10376,0.000495125,0.000495125,0.000495125
63,513.918,1.08381,0.58612,1.07935,0.77682,0.70744,0.74641,0.47616,1.08849,0.61251,1.09579,0.00048275,0.00048275,0.00048275
64,520.957,1.11776,0.59441,1.08353,0.74414,0.76309,0.7724,0.48853,1.07631,0.63108,1.0912,0.000470375,0.000470375,0.000470375
65,528.248,1.07351,0.601,1.06408,0.78821,0.7731,0.81082,0.47849,1.08359,0.60832,1.08593,0.000458,0.000458,0.000458
66,535.298,1.10444,0.60506,1.07793,0.78573,0.81447,0.82214,0.50256,1.05644,0.57219,1.07299,0.000445625,0.000445625,0.000445625
67,542.964,1.0823,0.59858,1.06739,0.78692,0.84894,0.82613,0.51572,1.03956,0.56218,1.06857,0.00043325,0.00043325,0.00043325
68,550.494,1.02618,0.57382,1.0404,0.77897,0.82412,0.82616,0.52919,1.03507,0.55431,1.06847,0.000420875,0.000420875,0.000420875
69,563.054,1.05407,0.58128,1.05544,0.77677,0.82675,0.82571,0.51998,1.09513,0.56517,1.08677,0.0004085,0.0004085,0.0004085
70,570.503,1.06124,0.58178,1.05677,0.84298,0.79709,0.84356,0.52432,1.10139,0.55553,1.07868,0.000396125,0.000396125,0.000396125
71,577.909,1.05652,0.57304,1.04649,0.78764,0.8151,0.8345,0.51731,1.04881,0.54827,1.06596,0.00038375,0.00038375,0.00038375
72,587.411,1.04246,0.56644,1.05567,0.746,0.76809,0.78574,0.48324,1.02447,0.59006,1.0701,0.000371375,0.000371375,0.000371375
73,594.793,1.04954,0.58793,1.05294,0.68854,0.69473,0.69585,0.43281,1.10721,0.68087,1.10828,0.000359,0.000359,0.000359
74,601.922,1.10205,0.58893,1.07712,0.71542,0.71243,0.69655,0.44196,1.07881,0.65039,1.09725,0.000346625,0.000346625,0.000346625
75,609.19,1.01613,0.55548,1.04696,0.80544,0.76744,0.78785,0.4845,1.06221,0.57015,1.08,0.00033425,0.00033425,0.00033425
76,616.22,1.01369,0.556,1.03181,0.7739,0.78001,0.7916,0.50457,1.06367,0.53711,1.07263,0.000321875,0.000321875,0.000321875
77,623.401,1.03378,0.55634,1.04603,0.77059,0.8447,0.81926,0.51367,1.07201,0.53179,1.07381,0.0003095,0.0003095,0.0003095
78,630.329,1.03094,0.56693,1.074,0.8239,0.83257,0.82978,0.51393,1.09756,0.53402,1.08783,0.000297125,0.000297125,0.000297125
79,637.618,1.01319,0.55224,1.03983,0.8484,0.83675,0.84078,0.52048,1.08838,0.53415,1.08464,0.00028475,0.00028475,0.00028475
80,644.583,1.0064,0.53919,1.04118,0.83753,0.84454,0.84907,0.54324,1.05146,0.53092,1.08105,0.000272375,0.000272375,0.000272375
81,655.03,1.01512,0.56114,1.03304,0.83172,0.8461,0.84124,0.53644,1.05124,0.53485,1.08335,0.00026,0.00026,0.00026
82,662.661,1.02564,0.55385,1.05131,0.83609,0.78281,0.82205,0.50963,1.06239,0.54254,1.08526,0.000247625,0.000247625,0.000247625
83,669.793,0.99941,0.54512,1.02938,0.83627,0.81247,0.84751,0.51445,1.07321,0.54411,1.08584,0.00023525,0.00023525,0.00023525
84,677.201,1.01043,0.54215,1.04458,0.80311,0.84731,0.84137,0.51805,1.05665,0.54454,1.0776,0.000222875,0.000222875,0.000222875
85,684.293,1.01507,0.54846,1.03677,0.82494,0.85865,0.85191,0.52606,1.03146,0.54186,1.06959,0.0002105,0.0002105,0.0002105
86,691.632,1.00706,0.54563,1.06043,0.81501,0.84579,0.85241,0.53554,1.02215,0.53295,1.06689,0.000198125,0.000198125,0.000198125
87,698.65,1.02854,0.55401,1.04948,0.83719,0.86346,0.86082,0.54906,1.03607,0.52772,1.06994,0.00018575,0.00018575,0.00018575
88,706.181,0.98309,0.53999,1.02975,0.8039,0.85726,0.84379,0.54836,1.0585,0.52538,1.07754,0.000173375,0.000173375,0.000173375
89,713.21,1.03065,0.53938,1.04599,0.84878,0.80718,0.84592,0.54522,1.03686,0.52495,1.0711,0.000161,0.000161,0.000161
90,720.577,0.9935,0.54178,1.04553,0.84343,0.83005,0.84407,0.53999,1.00922,0.53017,1.06239,0.000148625,0.000148625,0.000148625
91,729.714,1.00493,0.5536,1.09204,0.82943,0.81632,0.82632,0.52771,1.0114,0.53028,1.06317,0.00013625,0.00013625,0.00013625
92,736.95,1.02755,0.54916,1.09171,0.79612,0.81353,0.82381,0.51931,1.01922,0.53024,1.06808,0.000123875,0.000123875,0.000123875
93,744.128,0.9527,0.51475,1.0608,0.81115,0.81821,0.82464,0.51487,1.02837,0.52564,1.07144,0.0001115,0.0001115,0.0001115
94,750.973,0.99393,0.50749,1.04407,0.80286,0.80921,0.82695,0.51792,1.03136,0.52371,1.0729,9.9125e-05,9.9125e-05,9.9125e-05
95,757.966,0.94125,0.49423,1.03234,0.82248,0.80328,0.83199,0.52395,1.03004,0.52203,1.07325,8.675e-05,8.675e-05,8.675e-05
96,764.677,0.94733,0.49464,1.02835,0.81173,0.81077,0.83982,0.53518,1.02817,0.52081,1.07207,7.4375e-05,7.4375e-05,7.4375e-05
97,771.803,0.98998,0.49663,1.06454,0.7878,0.83908,0.83611,0.53667,1.02799,0.5236,1.0721,6.2e-05,6.2e-05,6.2e-05
98,778.569,1.00438,0.50793,1.09029,0.78311,0.84833,0.836,0.53534,1.03164,0.52763,1.07285,4.9625e-05,4.9625e-05,4.9625e-05
99,785.64,0.9439,0.50646,1.05676,0.80068,0.84787,0.84838,0.53855,1.03401,0.52859,1.07381,3.725e-05,3.725e-05,3.725e-05
100,792.388,0.94153,0.48337,1.04631,0.79878,0.88142,0.84024,0.5335,1.03247,0.5275,1.07455,2.4875e-05,2.4875e-05,2.4875e-05
